year,company,company_alt_names,rank,CEO,CEO_alt_names,second_CEO,second_CEO_alt_names,third_CEO,third_CEO_alt_names,wiki_page_snapshot,wiki_page_live
2026,Amazon,Amazon.com,1,Andy Jassy,Andrew Jassy; Andrew R. Jassy,,,,,https://en.wikipedia.org/wiki/Amazon_(company),https://en.wikipedia.org/wiki/Amazon_(company)
2026,Walmart,,2,John Furner,,,,,,https://en.wikipedia.org/wiki/Walmart,https://en.wikipedia.org/wiki/Walmart
2026,UnitedHealth Group,,3,Stephen J. Hemsley,,,,,,https://en.wikipedia.org/wiki/UnitedHealth_Group,https://en.wikipedia.org/wiki/UnitedHealth_Group
2026,Apple,,4,Tim Cook,Timothy D. Cook,,,,,https://en.wikipedia.org/wiki/Apple_Inc.,https://en.wikipedia.org/wiki/Apple_Inc.
2026,Alphabet,,5,Sundar Pichai,,,,,,https://en.wikipedia.org/wiki/Alphabet_Inc.,https://en.wikipedia.org/wiki/Alphabet_Inc.
2026,CVS Health,,6,David Joyner,,,,,,https://en.wikipedia.org/wiki/CVS_Health,https://en.wikipedia.org/wiki/CVS_Health
2026,Berkshire Hathaway,,7,Greg Abel,,,,,,https://en.wikipedia.org/wiki/Berkshire_Hathaway,https://en.wikipedia.org/wiki/Berkshire_Hathaway
2026,McKesson,,8,Brian S. Tyler,Brian Tyler,,,,,https://en.wikipedia.org/wiki/McKesson_Corporation,https://en.wikipedia.org/wiki/McKesson_Corporation
2026,ExxonMobil Holdings,Exxon Mobil,9,Darren Woods,Darren W. Woods,,,,,https://en.wikipedia.org/wiki/ExxonMobil,https://en.wikipedia.org/wiki/ExxonMobil
2026,Cencora,AmerisourceBergen,10,Robert Mauch,,,,,,https://en.wikipedia.org/wiki/Cencora,https://en.wikipedia.org/wiki/Cencora
2026,Microsoft,,11,Satya Nadella,,,,,,https://en.wikipedia.org/wiki/Microsoft,https://en.wikipedia.org/wiki/Microsoft
2026,JPMorgan Chase,,12,Jamie Dimon,,,,,,https://en.wikipedia.org/wiki/JPMorgan_Chase,https://en.wikipedia.org/wiki/JPMorgan_Chase
2026,Costco Wholesale,,13,Ron Vachris,,,,,,https://en.wikipedia.org/wiki/Costco,https://en.wikipedia.org/wiki/Costco
2026,Cigna Group,,14,Brian Evanko,,,,,,https://en.wikipedia.org/wiki/The_Cigna_Group,https://en.wikipedia.org/wiki/The_Cigna_Group
2026,Cardinal Health,,15,Jason Hollar,,,,,,https://en.wikipedia.org/wiki/Cardinal_Health,https://en.wikipedia.org/wiki/Cardinal_Health
2026,Nvidia,,16,Jensen Huang,,,,,,https://en.wikipedia.org/wiki/Nvidia,https://en.wikipedia.org/wiki/Nvidia
2026,Meta Platforms,,17,Mark Zuckerberg,,,,,,https://en.wikipedia.org/wiki/Meta_Platforms,https://en.wikipedia.org/wiki/Meta_Platforms
2026,Elevance Health,,18,Gail Koziara Boudreaux,,,,,,https://en.wikipedia.org/wiki/Elevance_Health,https://en.wikipedia.org/wiki/Elevance_Health
2026,Centene,,19,Sarah London,Sarah M. London,,,,,https://en.wikipedia.org/wiki/Centene_Corporation,https://en.wikipedia.org/wiki/Centene_Corporation
2026,Bank of America,,20,Brian Moynihan,,,,,,https://en.wikipedia.org/wiki/Bank_of_America,https://en.wikipedia.org/wiki/Bank_of_America
2026,Chevron,,21,Mike Wirth,,,,,,https://en.wikipedia.org/wiki/Chevron_Corporation,https://en.wikipedia.org/wiki/Chevron_Corporation
2026,Ford Motor,,22,Jim Farley,,,,,,https://en.wikipedia.org/wiki/Ford_Motor_Company,https://en.wikipedia.org/wiki/Ford_Motor_Company
2026,General Motors,,23,Alfred P. Sloan,,,,,,https://en.wikipedia.org/wiki/General_Motors,https://en.wikipedia.org/wiki/General_Motors
2026,Citigroup,,24,Jane Fraser,,,,,,https://en.wikipedia.org/wiki/Citigroup,https://en.wikipedia.org/wiki/Citigroup
2026,Home Depot,,25,Ted Decker,,,,,,https://en.wikipedia.org/wiki/Home_Depot,https://en.wikipedia.org/wiki/Home_Depot
2026,Fannie Mae,,26,Peter Akwaboah,,,,,,https://en.wikipedia.org/wiki/Fannie_Mae,https://en.wikipedia.org/wiki/Fannie_Mae
2026,Kroger,,27,Greg Foran,,,,,,https://en.wikipedia.org/wiki/Kroger,https://en.wikipedia.org/wiki/Kroger
2026,Verizon Communications,,28,Dan Schulman,,,,,,https://en.wikipedia.org/wiki/Verizon,https://en.wikipedia.org/wiki/Verizon
2026,Phillips 66,,29,Mark Lashier,,,,,,https://en.wikipedia.org/wiki/Phillips_66,https://en.wikipedia.org/wiki/Phillips_66
2026,Marathon Petroleum,,30,Maryann Mannen,,,,,,https://en.wikipedia.org/wiki/Marathon_Petroleum,https://en.wikipedia.org/wiki/Marathon_Petroleum
2026,StoneX Group,,31,Sean M. O'Connor,Sean O'Connor,,,,,https://en.wikipedia.org/wiki/StoneX_Group_Inc.,https://en.wikipedia.org/wiki/StoneX_Group_Inc.
2026,State Farm Insurance,,32,Jon Farney,,,,,,https://en.wikipedia.org/wiki/State_Farm,https://en.wikipedia.org/wiki/State_Farm
2026,Freddie Mac,,33,Kenny M. Smith,,,,,,https://en.wikipedia.org/wiki/Freddie_Mac,https://en.wikipedia.org/wiki/Freddie_Mac
2026,Humana,,34,Jim Rechtin,,,,,,https://en.wikipedia.org/wiki/Humana,https://en.wikipedia.org/wiki/Humana
2026,AT&T,,35,John T. Stankey,John Stankey,,,,,https://en.wikipedia.org/wiki/AT%26T,https://en.wikipedia.org/wiki/AT%26T
2026,Goldman Sachs Group,,36,David M. Solomon,David Solomon,,,,,https://en.wikipedia.org/wiki/Goldman_Sachs,https://en.wikipedia.org/wiki/Goldman_Sachs
2026,Comcast,,37,Brian L. Roberts,Brian Roberts,Michael J. Cavanagh,Michael Cavanagh,,,https://en.wikipedia.org/wiki/Comcast,https://en.wikipedia.org/wiki/Comcast
2026,Wells Fargo,,38,Charles Scharf,Charles W. Scharf,,,,,https://en.wikipedia.org/wiki/Wells_Fargo,https://en.wikipedia.org/wiki/Wells_Fargo
2026,Morgan Stanley,,39,Ted Pick,,,,,,https://en.wikipedia.org/wiki/Morgan_Stanley,https://en.wikipedia.org/wiki/Morgan_Stanley
2026,Valero Energy,,40,Lane Riggs,,,,,,https://en.wikipedia.org/wiki/Valero_Energy,https://en.wikipedia.org/wiki/Valero_Energy
2026,Dell Technologies,,41,Michael Dell,Michael S. Dell,,,,,https://en.wikipedia.org/wiki/Dell_Technologies,https://en.wikipedia.org/wiki/Dell_Technologies
2026,Target,,42,Michael Fiddelke,,,,,,https://en.wikipedia.org/wiki/Target_Corporation,https://en.wikipedia.org/wiki/Target_Corporation
2026,Tesla,,43,Elon Musk,,,,,,"https://en.wikipedia.org/wiki/Tesla,_Inc.","https://en.wikipedia.org/wiki/Tesla,_Inc."
2026,Walt Disney,,44,Josh D'Amaro,,,,,,https://en.wikipedia.org/wiki/The_Walt_Disney_Company,https://en.wikipedia.org/wiki/The_Walt_Disney_Company
2026,Johnson & Johnson,,45,Joaquin Duato,,,,,,https://en.wikipedia.org/wiki/Johnson_%26_Johnson,https://en.wikipedia.org/wiki/Johnson_%26_Johnson
2026,PepsiCo,,46,Ramón Laguarta,,,,,,https://en.wikipedia.org/wiki/PepsiCo,https://en.wikipedia.org/wiki/PepsiCo
2026,Boeing,,47,Kelly Ortberg,,,,,,https://en.wikipedia.org/wiki/Boeing,https://en.wikipedia.org/wiki/Boeing
2026,UPS,United Parcel Service,48,Carol B. Tomé,,,,,,https://en.wikipedia.org/wiki/United_Parcel_Service,https://en.wikipedia.org/wiki/United_Parcel_Service
2026,RTX,Raytheon Technologies,49,Christopher T. Calio,,,,,,https://en.wikipedia.org/wiki/RTX_Corporation,https://en.wikipedia.org/wiki/RTX_Corporation
2026,FedEx,,50,Raj Subramaniam,,,,,,https://en.wikipedia.org/wiki/FedEx,https://en.wikipedia.org/wiki/FedEx
2026,Progressive,,51,Tricia Griffith,,,,,,https://en.wikipedia.org/wiki/Progressive_Corporation,https://en.wikipedia.org/wiki/Progressive_Corporation
2026,Lowe's,,52,Marvin Ellison,Marvin R. Ellison,,,,,https://en.wikipedia.org/wiki/Lowe%27s,https://en.wikipedia.org/wiki/Lowe%27s
2026,Energy Transfer,,53,Thomas E. Long,Thomas Long,Marshall S. McCrea III,Marshall McCrea III; Marshall McCrea,,,https://en.wikipedia.org/wiki/Energy_Transfer,https://en.wikipedia.org/wiki/Energy_Transfer
2026,Procter & Gamble,,54,Shailesh Jejurikar,,,,,,https://en.wikipedia.org/wiki/Procter_%26_Gamble,https://en.wikipedia.org/wiki/Procter_%26_Gamble
2026,Sysco,,55,Kevin Hourican,Kevin P. Hourican,,,,,https://en.wikipedia.org/wiki/Sysco,https://en.wikipedia.org/wiki/Sysco
2026,American Express,,56,Stephen J. Squeri,Stephen Squeri,,,,,https://en.wikipedia.org/wiki/American_Express,https://en.wikipedia.org/wiki/American_Express
2026,Albertsons,,57,Susan D. Morris,,,,,,https://en.wikipedia.org/wiki/Albertsons,https://en.wikipedia.org/wiki/Albertsons
2026,Archer Daniels Midland,,58,Juan Luciano,Juan R. Luciano,,,,,https://en.wikipedia.org/wiki/Archer_Daniels_Midland,https://en.wikipedia.org/wiki/Archer_Daniels_Midland
2026,MetLife,,59,Michel A. Khalaf,Michel Khalaf,,,,,https://en.wikipedia.org/wiki/MetLife,https://en.wikipedia.org/wiki/MetLife
2026,HCA Healthcare,,60,Samuel N. Hazen,Samuel Hazen; Sam Hazen,,,,,https://en.wikipedia.org/wiki/HCA_Healthcare,https://en.wikipedia.org/wiki/HCA_Healthcare
2026,Lockheed Martin,,61,James Taiclet,,,,,,https://en.wikipedia.org/wiki/Lockheed_Martin,https://en.wikipedia.org/wiki/Lockheed_Martin
2026,New York Life Insurance,,62,Craig DeSanto,,,,,,https://en.wikipedia.org/wiki/New_York_Life_Insurance_Company,https://en.wikipedia.org/wiki/New_York_Life_Insurance_Company
2026,Capital One Financial,,63,Richard Fairbank,Richard D. Fairbank,,,,,https://en.wikipedia.org/wiki/Capital_One,https://en.wikipedia.org/wiki/Capital_One
2026,Allstate,,64,Thomas J. Wilson,,,,,,https://en.wikipedia.org/wiki/Allstate,https://en.wikipedia.org/wiki/Allstate
2026,Caterpillar,,65,Joe Creed,,,,,,https://en.wikipedia.org/wiki/Caterpillar_Inc.,https://en.wikipedia.org/wiki/Caterpillar_Inc.
2026,IBM,International Business Machines,66,Arvind Krishna,,,,,,https://en.wikipedia.org/wiki/IBM,https://en.wikipedia.org/wiki/IBM
2026,Eli Lilly,,67,David A. Ricks,David Ricks,,,,,https://en.wikipedia.org/wiki/Eli_Lilly_and_Company,https://en.wikipedia.org/wiki/Eli_Lilly_and_Company
2026,Merck,,68,Robert M. Davis,,,,,,https://en.wikipedia.org/wiki/Merck_%26_Co.,https://en.wikipedia.org/wiki/Merck_%26_Co.
2026,Nationwide,,69,Kirt Walker,Kirt A. Walker,,,,,https://en.wikipedia.org/wiki/Nationwide_Mutual_Insurance_Company,https://en.wikipedia.org/wiki/Nationwide_Mutual_Insurance_Company
2026,Broadcom,,70,Hock Tan,Hock E. Tan,,,,,https://en.wikipedia.org/wiki/Broadcom,https://en.wikipedia.org/wiki/Broadcom
2026,Delta Air Lines,,71,Ed Bastian,,,,,,https://en.wikipedia.org/wiki/Delta_Air_Lines,https://en.wikipedia.org/wiki/Delta_Air_Lines
2026,Publix Super Markets,,72,Kevin Murphy,,,,,,https://en.wikipedia.org/wiki/Publix,https://en.wikipedia.org/wiki/Publix
2026,Pfizer,,73,Albert Bourla,,,,,,https://en.wikipedia.org/wiki/Pfizer,https://en.wikipedia.org/wiki/Pfizer
2026,TD Synnex,,74,Patrick Zammit,,,,,,https://en.wikipedia.org/wiki/TD_Synnex,https://en.wikipedia.org/wiki/TD_Synnex
2026,ConocoPhillips,,75,Ryan Lance,Ryan M. Lance,,,,,https://en.wikipedia.org/wiki/ConocoPhillips,https://en.wikipedia.org/wiki/ConocoPhillips
2026,Galaxy Digital,,76,Michael Novogratz,,,,,,https://en.wikipedia.org/wiki/Galaxy_Digital_(company),https://en.wikipedia.org/wiki/Galaxy_Digital_(company)
2026,AbbVie,,77,Robert Michael,,,,,,https://en.wikipedia.org/wiki/AbbVie,https://en.wikipedia.org/wiki/AbbVie
2026,Prudential Financial,,78,Andy Sullivan,,,,,,https://en.wikipedia.org/wiki/Prudential_Financial,https://en.wikipedia.org/wiki/Prudential_Financial
2026,TJX,,79,Ernie Herrman,Ernie L. Herrman,,,,,https://en.wikipedia.org/wiki/TJX,https://en.wikipedia.org/wiki/TJX
2026,Performance Food Group,,80,George L. Holm,George Holm,,,,,https://en.wikipedia.org/wiki/Performance_Food_Group,https://en.wikipedia.org/wiki/Performance_Food_Group
2026,United Airlines Holdings,,81,John Scott Kirby,Scott Kirby,,,,,https://en.wikipedia.org/wiki/United_Airlines,https://en.wikipedia.org/wiki/United_Airlines
2026,Oracle,,82,Clay Magouyrk,,Mike Sicilia,,,,https://en.wikipedia.org/wiki/Oracle_Corporation,https://en.wikipedia.org/wiki/Oracle_Corporation
2026,Cisco Systems,,83,Chuck Robbins,,,,,,https://en.wikipedia.org/wiki/Cisco,https://en.wikipedia.org/wiki/Cisco
2026,HP,,84,Bruce D. Broussard,Bruce Broussard,,,,,https://en.wikipedia.org/wiki/HP_Inc.,https://en.wikipedia.org/wiki/HP_Inc.
2026,Charter Communications,,85,Chris Winfrey,,,,,,https://en.wikipedia.org/wiki/Charter_Communications,https://en.wikipedia.org/wiki/Charter_Communications
2026,American Airlines Group,,86,Robert Isom,Robert D. Isom,,,,,https://en.wikipedia.org/wiki/American_Airlines_Group,https://en.wikipedia.org/wiki/American_Airlines_Group
2026,Tyson Foods,,87,Donnie King,Donnie D. King,,,,,https://en.wikipedia.org/wiki/Tyson_Foods,https://en.wikipedia.org/wiki/Tyson_Foods
2026,Intel,,88,LipBu Tan,,,,,,https://en.wikipedia.org/wiki/Intel,https://en.wikipedia.org/wiki/Intel
2026,Enterprise Products Partners,,89,W. Randall Fowler,,James Teague,A.J. Teague; Jim Teague,,,https://en.wikipedia.org/wiki/Enterprise_Products,https://en.wikipedia.org/wiki/Enterprise_Products
2026,Ingram Micro Holding,,90,Paul Bay,,,,,,https://en.wikipedia.org/wiki/Ingram_Micro,https://en.wikipedia.org/wiki/Ingram_Micro
2026,General Dynamics,,91,Phebe Novakovic,Phebe N. Novakovic,,,,,https://en.wikipedia.org/wiki/General_Dynamics,https://en.wikipedia.org/wiki/General_Dynamics
2026,Uber Technologies,,92,Dara Khosrowshahi,,,,,,https://en.wikipedia.org/wiki/Uber,https://en.wikipedia.org/wiki/Uber
2026,USAA,United Services Automobile Assn.,93,Juan Andrade,,,,,,https://en.wikipedia.org/wiki/USAA,https://en.wikipedia.org/wiki/USAA
2026,TIAA,,94,Thasunda Brown Duckett,Thasunda Duckett,,,,,https://en.wikipedia.org/wiki/TIAA,https://en.wikipedia.org/wiki/TIAA
2026,Liberty Mutual Insurance Group,,95,Timothy M. Sweeney,,,,,,https://en.wikipedia.org/wiki/Liberty_Mutual,https://en.wikipedia.org/wiki/Liberty_Mutual
2026,Travelers,,96,Alan D. Schnitzer,,,,,,https://en.wikipedia.org/wiki/The_Travelers_Companies,https://en.wikipedia.org/wiki/The_Travelers_Companies
2026,Bristol-Myers Squibb,,97,Chris Boerner,,,,,,https://en.wikipedia.org/wiki/Bristol_Myers_Squibb,https://en.wikipedia.org/wiki/Bristol_Myers_Squibb
2026,Coca-Cola,,98,Henrique Braun,,,,,,https://en.wikipedia.org/wiki/The_Coca-Cola_Company,https://en.wikipedia.org/wiki/The_Coca-Cola_Company
2026,Nike,,99,Elliott Hill,,,,,,"https://en.wikipedia.org/wiki/Nike,_Inc.","https://en.wikipedia.org/wiki/Nike,_Inc."
2026,Massachusetts Mutual Life,Massachusetts Mutual Life Insurance,100,Roger W. Crandall,Roger Crandall,,,,,https://en.wikipedia.org/wiki/MassMutual,https://en.wikipedia.org/wiki/MassMutual
2026,GE Aerospace,General Electric,101,H. Lawrence Culp Jr.,,,,,,https://en.wikipedia.org/wiki/GE_Aerospace,https://en.wikipedia.org/wiki/GE_Aerospace
2026,Deere,,102,John C. May,John May,,,,,https://en.wikipedia.org/wiki/John_Deere,https://en.wikipedia.org/wiki/John_Deere
2026,Plains GP Holdings,,103,Willie Chiang,,,,,,https://en.wikipedia.org/wiki/Plains_All_American_Pipeline,https://en.wikipedia.org/wiki/Plains_All_American_Pipeline
2026,Molina Healthcare,,104,Joseph Zubretsky,Joseph M. Zubretsky,,,,,https://en.wikipedia.org/wiki/Molina_Healthcare,https://en.wikipedia.org/wiki/Molina_Healthcare
2026,Netflix,,105,Ted Sarandos,,Greg Peters,,,,"https://en.wikipedia.org/wiki/Netflix,_Inc.","https://en.wikipedia.org/wiki/Netflix,_Inc."
2026,Thermo Fisher Scientific,,106,Marc N. Casper,Marc Casper,,,,,https://en.wikipedia.org/wiki/Thermo_Fisher_Scientific,https://en.wikipedia.org/wiki/Thermo_Fisher_Scientific
2026,Abbott Laboratories,,107,Robert B. Ford,Robert Ford,,,,,https://en.wikipedia.org/wiki/Abbott_Laboratories,https://en.wikipedia.org/wiki/Abbott_Laboratories
2026,Qualcomm,,108,Cristiano Amon,,,,,,https://en.wikipedia.org/wiki/Qualcomm,https://en.wikipedia.org/wiki/Qualcomm
2026,Northwestern Mutual,,109,Tim Gerend,,,,,,https://en.wikipedia.org/wiki/Northwestern_Mutual,https://en.wikipedia.org/wiki/Northwestern_Mutual
2026,U.S. Bancorp,,110,Gunjan Kedia,,,,,,https://en.wikipedia.org/wiki/U.S._Bancorp,https://en.wikipedia.org/wiki/U.S._Bancorp
2026,Dollar General,,111,Todd Vasos,,,,,,https://en.wikipedia.org/wiki/Dollar_General,https://en.wikipedia.org/wiki/Dollar_General
2026,Northrop Grumman,,112,Kathy J. Warden,,,,,,https://en.wikipedia.org/wiki/Northrop_Grumman,https://en.wikipedia.org/wiki/Northrop_Grumman
2026,Best Buy,,113,Corie Barry,Corie S. Barry,,,,,https://en.wikipedia.org/wiki/Best_Buy,https://en.wikipedia.org/wiki/Best_Buy
2026,Salesforce,,114,Marc Benioff,Marc R. Benioff,,,,,https://en.wikipedia.org/wiki/Salesforce,https://en.wikipedia.org/wiki/Salesforce
2026,Bank of New York (BNY),Bank of New York Mellon,115,Robin Vince,,,,,,https://en.wikipedia.org/wiki/BNY,https://en.wikipedia.org/wiki/BNY
2026,Honeywell International,,116,Vimal Kapur,,,,,,https://en.wikipedia.org/wiki/Honeywell,https://en.wikipedia.org/wiki/Honeywell
2026,Philip Morris International,,117,Jacek Olczak,,,,,,https://en.wikipedia.org/wiki/Philip_Morris_International,https://en.wikipedia.org/wiki/Philip_Morris_International
2026,CBRE Group,,118,Robert E. Sulentic,Robert Sulentic; Bob Sulentic,,,,,https://en.wikipedia.org/wiki/CBRE_Group,https://en.wikipedia.org/wiki/CBRE_Group
2026,Visa,,119,Ryan McInerney,,,,,,https://en.wikipedia.org/wiki/Visa_Inc.,https://en.wikipedia.org/wiki/Visa_Inc.
2026,Dow,,120,Karen S Carter,,,,,,https://en.wikipedia.org/wiki/Dow_Chemical_Company,https://en.wikipedia.org/wiki/Dow_Chemical_Company
2026,US Foods Holding,,121,David E. Flitman,,,,,,https://en.wikipedia.org/wiki/US_Foods,https://en.wikipedia.org/wiki/US_Foods
2026,Mondelez International,,122,Dirk Van de Put,,,,,,https://en.wikipedia.org/wiki/Mondelez_International,https://en.wikipedia.org/wiki/Mondelez_International
2026,Lithia Motors,,123,Bryan DeBoer,,,,,,https://en.wikipedia.org/wiki/Lithia_Motors,https://en.wikipedia.org/wiki/Lithia_Motors
2026,GE Vernova,,124,Scott Strazik,,,,,,https://en.wikipedia.org/wiki/GE_Vernova,https://en.wikipedia.org/wiki/GE_Vernova
2026,Micron Technology,,125,Sanjay Mehrotra,,,,,,https://en.wikipedia.org/wiki/Micron_Technology,https://en.wikipedia.org/wiki/Micron_Technology
2026,Warner Bros. Discovery,,126,David M. Zaslav,David Zaslav,,,,,https://en.wikipedia.org/wiki/Warner_Bros._Discovery,https://en.wikipedia.org/wiki/Warner_Bros._Discovery
2026,Starbucks,,127,Brian Niccol,Brian R. Niccol,,,,,https://en.wikipedia.org/wiki/Starbucks,https://en.wikipedia.org/wiki/Starbucks
2026,World Kinect,World Fuel Services,128,Michael J. Kasbar,Michael Kasbar,,,,,https://en.wikipedia.org/wiki/World_Kinect_Corporation,https://en.wikipedia.org/wiki/World_Kinect_Corporation
2026,Amgen,,129,Robert A. Bradway,Robert Bradway,,,,,https://en.wikipedia.org/wiki/Amgen,https://en.wikipedia.org/wiki/Amgen
2026,CHS,,130,Jay Debertin,Jay D. Debertin,,,,,https://en.wikipedia.org/wiki/CHS_Inc.,https://en.wikipedia.org/wiki/CHS_Inc.
2026,Advanced Micro Devices,,131,Lisa Su,Lisa T. Su,,,,,https://en.wikipedia.org/wiki/AMD,https://en.wikipedia.org/wiki/AMD
2026,Coupang,,132,Harold Rogers,,,,,,https://en.wikipedia.org/wiki/Coupang,https://en.wikipedia.org/wiki/Coupang
2026,Hewlett Packard Enterprise,,133,Antonio Neri,Antonio F. Neri,,,,,https://en.wikipedia.org/wiki/Hewlett_Packard_Enterprise,https://en.wikipedia.org/wiki/Hewlett_Packard_Enterprise
2026,D.R. Horton,,134,Paul J. Romanowski,,,,,,https://en.wikipedia.org/wiki/D._R._Horton,https://en.wikipedia.org/wiki/D._R._Horton
2026,Lennar,,135,Stuart Miller,,,,,,https://en.wikipedia.org/wiki/Lennar,https://en.wikipedia.org/wiki/Lennar
2026,PNC Financial Services Group,,136,William S. Demchak,William Demchak,,,,,https://en.wikipedia.org/wiki/PNC_Financial_Services,https://en.wikipedia.org/wiki/PNC_Financial_Services
2026,Cummins,,137,Jennifer Rumsey,,,,,,https://en.wikipedia.org/wiki/Cummins,https://en.wikipedia.org/wiki/Cummins
2026,Oneok,,138,Pierce Norton,,,,,,https://en.wikipedia.org/wiki/Oneok,https://en.wikipedia.org/wiki/Oneok
2026,PayPal Holdings,,139,Enrique Lores,Enrique J. Lores,,,,,https://en.wikipedia.org/wiki/PayPal,https://en.wikipedia.org/wiki/PayPal
2026,GuideWell Mutual Holding,,140,Brian Pieninck,,,,,,https://en.wikipedia.org/wiki/GuideWell,https://en.wikipedia.org/wiki/GuideWell
2026,Mastercard,,141,Michael Miebach,,,,,,https://en.wikipedia.org/wiki/Mastercard,https://en.wikipedia.org/wiki/Mastercard
2026,Nucor,,142,Leon Topalian,Leon J. Topalian,,,,,https://en.wikipedia.org/wiki/Nucor,https://en.wikipedia.org/wiki/Nucor
2026,Apollo Global Management,,143,Marc Rowan,,,,,,https://en.wikipedia.org/wiki/Apollo_Global_Management,https://en.wikipedia.org/wiki/Apollo_Global_Management
2026,Penske Automotive Group,,144,Roger Penske,Roger S. Penske,,,,,https://en.wikipedia.org/wiki/Penske_Automotive_Group,https://en.wikipedia.org/wiki/Penske_Automotive_Group
2026,Duke Energy,,145,Harry Sideris,,,,,,https://en.wikipedia.org/wiki/Duke_Energy,https://en.wikipedia.org/wiki/Duke_Energy
2026,United Natural Foods,,146,J. Alexander,,,,,,https://en.wikipedia.org/wiki/United_Natural_Foods,https://en.wikipedia.org/wiki/United_Natural_Foods
2026,Ferguson Enterprises,,147,Kevin Murphy,,,,,,https://en.wikipedia.org/wiki/Ferguson_Enterprises,https://en.wikipedia.org/wiki/Ferguson_Enterprises
2026,Arrow Electronics,,148,William F. Austen,William Austen,,,,,https://en.wikipedia.org/wiki/Arrow_Electronics,https://en.wikipedia.org/wiki/Arrow_Electronics
2026,NRG Energy,,149,Robert Gaudette,,,,,,https://en.wikipedia.org/wiki/NRG_Energy,https://en.wikipedia.org/wiki/NRG_Energy
2026,Truist Financial,,150,William H. Rogers Jr.,William Rogers Jr.,,,,,https://en.wikipedia.org/wiki/Truist,https://en.wikipedia.org/wiki/Truist
2026,Jabil,,151,Mike Dastoor,,,,,,https://en.wikipedia.org/wiki/Jabil,https://en.wikipedia.org/wiki/Jabil
2026,Southern,,152,Chris Womack,,,,,,https://en.wikipedia.org/wiki/Southern_Company,https://en.wikipedia.org/wiki/Southern_Company
2026,Gilead Sciences,,153,Daniel O'Day,Daniel P. O'Day,,,,,https://en.wikipedia.org/wiki/Gilead_Sciences,https://en.wikipedia.org/wiki/Gilead_Sciences
2026,PBF Energy,,154,Matthew C. Lucey,,,,,,https://en.wikipedia.org/wiki/PBF_Energy,https://en.wikipedia.org/wiki/PBF_Energy
2026,Paramount Skydance,Paramount Global,155,David Ellison,,,,,,https://en.wikipedia.org/wiki/Paramount_Skydance,https://en.wikipedia.org/wiki/Paramount_Skydance
2026,KKR,,156,Joseph Y. Bae,Joseph Bae,Scott Nuttall,,,,https://en.wikipedia.org/wiki/KKR_%26_Co.,https://en.wikipedia.org/wiki/KKR_%26_Co.
2026,Quanta Services,,157,Earl C. Austin,Earl Austin; Duke Austin; Earl C. Austin Jr.,,,,,https://en.wikipedia.org/wiki/Quanta_Services,https://en.wikipedia.org/wiki/Quanta_Services
2026,Paccar,,158,Preston Feight,,,,,,https://en.wikipedia.org/wiki/Paccar,https://en.wikipedia.org/wiki/Paccar
2026,Medline,,159,Jim Boyle,,,,,,https://en.wikipedia.org/wiki/Medline_Inc.,https://en.wikipedia.org/wiki/Medline_Inc.
2026,Applied Materials,,160,Gary E. Dickerson,Gary Dickerson,,,,,https://en.wikipedia.org/wiki/Applied_Materials,https://en.wikipedia.org/wiki/Applied_Materials
2026,Hartford Insurance Group,Hartford Financial Services Group,160,Christopher J. Swift,Christopher Swift,,,,,https://en.wikipedia.org/wiki/The_Hartford,https://en.wikipedia.org/wiki/The_Hartford
2026,CarMax,,162,Keith Barr,,,,,,https://en.wikipedia.org/wiki/CarMax,https://en.wikipedia.org/wiki/CarMax
2026,Southwest Airlines,,163,Robert E. Jordan,Robert Jordan; Bob Jordan,,,,,https://en.wikipedia.org/wiki/Southwest_Airlines,https://en.wikipedia.org/wiki/Southwest_Airlines
2026,Baker Hughes,,164,Lorenzo Simonelli,,,,,,https://en.wikipedia.org/wiki/Baker_Hughes,https://en.wikipedia.org/wiki/Baker_Hughes
2026,Charles Schwab,,165,Rick Wurster,,,,,,https://en.wikipedia.org/wiki/Charles_Schwab_Corporation,https://en.wikipedia.org/wiki/Charles_Schwab_Corporation
2026,AutoNation,,166,Mike Manley,Michael Manley,,,,,https://en.wikipedia.org/wiki/AutoNation,https://en.wikipedia.org/wiki/AutoNation
2026,NextEra Energy,,167,John W. Ketchum,John Ketchum,,,,,https://en.wikipedia.org/wiki/NextEra_Energy,https://en.wikipedia.org/wiki/NextEra_Energy
2026,Marsh & McLennan,,168,John Q. Doyle,John Doyle,,,,,https://en.wikipedia.org/wiki/Marsh_McLennan,https://en.wikipedia.org/wiki/Marsh_McLennan
2026,Booking Holdings,,169,Glenn D. Fogel,Glenn Fogel,,,,,https://en.wikipedia.org/wiki/Booking_Holdings,https://en.wikipedia.org/wiki/Booking_Holdings
2026,McDonald's,,170,Chris Kempczinski,,,,,,https://en.wikipedia.org/wiki/McDonald%27s,https://en.wikipedia.org/wiki/McDonald%27s
2026,HF Sinclair,,171,Tim Go,,,,,,https://en.wikipedia.org/wiki/HF_Sinclair,https://en.wikipedia.org/wiki/HF_Sinclair
2026,AIG,American International Group,172,Eric Andersen,,,,,,https://en.wikipedia.org/wiki/American_International_Group,https://en.wikipedia.org/wiki/American_International_Group
2026,Occidental Petroleum,,173,Vicki Hollub,,,,,,https://en.wikipedia.org/wiki/Occidental_Petroleum,https://en.wikipedia.org/wiki/Occidental_Petroleum
2026,Marriott International,,174,Anthony Capuano,Anthony G. Capuano,,,,,https://en.wikipedia.org/wiki/Marriott_International,https://en.wikipedia.org/wiki/Marriott_International
2026,Jones Lang LaSalle,,175,Christian Ulbrich,,,,,,https://en.wikipedia.org/wiki/JLL_(company),https://en.wikipedia.org/wiki/JLL_(company)
2026,International Paper,,176,Andrew Silvernail,,,,,,https://en.wikipedia.org/wiki/International_Paper,https://en.wikipedia.org/wiki/International_Paper
2026,Freeport-McMoRan,,177,Kathleen L. Quirk,,,,,,https://en.wikipedia.org/wiki/Freeport-McMoRan,https://en.wikipedia.org/wiki/Freeport-McMoRan
2026,Constellation Energy,,178,Joseph Dominguez,,,,,,https://en.wikipedia.org/wiki/Constellation_Energy,https://en.wikipedia.org/wiki/Constellation_Energy
2026,Waste Management,,179,James C. Fish Jr.,,,,,,"https://en.wikipedia.org/wiki/Waste_Management,_Inc.","https://en.wikipedia.org/wiki/Waste_Management,_Inc."
2026,Live Nation Entertainment,,180,Michael Rapino,,,,,,https://en.wikipedia.org/wiki/Live_Nation_Entertainment,https://en.wikipedia.org/wiki/Live_Nation_Entertainment
2026,Stryker,,181,Kevin A. Lobo,Kevin Lobo,,,,,https://en.wikipedia.org/wiki/Stryker_Corporation,https://en.wikipedia.org/wiki/Stryker_Corporation
2026,Dollar Tree,,182,Michael C. Creedon Jr.,,,,,,https://en.wikipedia.org/wiki/Dollar_Tree,https://en.wikipedia.org/wiki/Dollar_Tree
2026,3M,,183,William M. Brown,,,,,,https://en.wikipedia.org/wiki/3M,https://en.wikipedia.org/wiki/3M
2026,Kraft Heinz,,184,Steve Cahillane,,,,,,https://en.wikipedia.org/wiki/Kraft_Heinz,https://en.wikipedia.org/wiki/Kraft_Heinz
2026,PG&E,,185,Patti Poppe,,,,,,https://en.wikipedia.org/wiki/Pacific_Gas_and_Electric_Company,https://en.wikipedia.org/wiki/Pacific_Gas_and_Electric_Company
2026,Danaher,,186,Rainer Blair,Rainer M. Blair,,,,,https://en.wikipedia.org/wiki/Danaher_Corporation,https://en.wikipedia.org/wiki/Danaher_Corporation
2026,Union Pacific,,187,Jim Vena,,,,,,https://en.wikipedia.org/wiki/Union_Pacific_Corporation,https://en.wikipedia.org/wiki/Union_Pacific_Corporation
2026,Genuine Parts,,188,Will Stengel,,,,,,https://en.wikipedia.org/wiki/Genuine_Parts_Company,https://en.wikipedia.org/wiki/Genuine_Parts_Company
2026,Exelon,,189,Calvin Butler,Calvin G. Butler,,,,,https://en.wikipedia.org/wiki/Exelon,https://en.wikipedia.org/wiki/Exelon
2026,BlackRock,,190,Larry Fink,,,,,,https://en.wikipedia.org/wiki/BlackRock,https://en.wikipedia.org/wiki/BlackRock
2026,Block,,191,Jack Dorsey,,,,,,"https://en.wikipedia.org/wiki/Block,_Inc.","https://en.wikipedia.org/wiki/Block,_Inc."
2026,Adobe,,192,Shantanu Narayen,,,,,,https://en.wikipedia.org/wiki/Adobe_Inc.,https://en.wikipedia.org/wiki/Adobe_Inc.
2026,Reinsurance Group of America,,193,Tony Cheng,,,,,,https://en.wikipedia.org/wiki/Reinsurance_Group_of_America,https://en.wikipedia.org/wiki/Reinsurance_Group_of_America
2026,Sherwin-Williams,,194,Heidi G. Petz,,,,,,https://en.wikipedia.org/wiki/Sherwin-Williams,https://en.wikipedia.org/wiki/Sherwin-Williams
2026,WESCO International,,195,John Engel,John J. Engel,,,,,https://en.wikipedia.org/wiki/WESCO_International,https://en.wikipedia.org/wiki/WESCO_International
2026,Lear,,196,Raymond E. Scott,Raymond Scott,,,,,https://en.wikipedia.org/wiki/Lear_Corporation,https://en.wikipedia.org/wiki/Lear_Corporation
2026,Synchrony,Synchrony Financial,197,Brian Doubles,Brian D. Doubles,,,,,https://en.wikipedia.org/wiki/Synchrony_Financial,https://en.wikipedia.org/wiki/Synchrony_Financial
2026,Amphenol,,198,R. Adam Norwitt,,,,,,https://en.wikipedia.org/wiki/Amphenol,https://en.wikipedia.org/wiki/Amphenol
2026,Ross Stores,,199,James Conroy,,,,,,https://en.wikipedia.org/wiki/Ross_Stores,https://en.wikipedia.org/wiki/Ross_Stores
2026,Newmont,,200,Natascha Viljoen,,,,,,https://en.wikipedia.org/wiki/Newmont,https://en.wikipedia.org/wiki/Newmont
2026,EOG Resources,,201,Ezra Y. Yacob,,,,,,https://en.wikipedia.org/wiki/EOG_Resources,https://en.wikipedia.org/wiki/EOG_Resources
2026,State Street,,202,Ronald P. O’Hanley,,,,,,https://en.wikipedia.org/wiki/State_Street_Corporation,https://en.wikipedia.org/wiki/State_Street_Corporation
2026,Macy's,,203,Tony Spring,,,,,,https://en.wikipedia.org/wiki/Macy%27s,https://en.wikipedia.org/wiki/Macy%27s
2026,Group 1 Automotive,,204,Daryl Kenningham,,,,,,https://en.wikipedia.org/wiki/Group_1_Automotive,https://en.wikipedia.org/wiki/Group_1_Automotive
2026,CDW,,205,Christine Leahy,Christine A. Leahy,,,,,https://en.wikipedia.org/wiki/CDW,https://en.wikipedia.org/wiki/CDW
2026,Avnet,,206,Phil Gallagher,,,,,,https://en.wikipedia.org/wiki/Avnet,https://en.wikipedia.org/wiki/Avnet
2026,Halliburton,,207,Jeff Miller,,,,,,https://en.wikipedia.org/wiki/Halliburton,https://en.wikipedia.org/wiki/Halliburton
2026,Super Micro Computer,,208,Charles Liang,,,,,,https://en.wikipedia.org/wiki/Supermicro,https://en.wikipedia.org/wiki/Supermicro
2026,American Electric Power,,209,Bill Fehrman,,,,,,https://en.wikipedia.org/wiki/American_Electric_Power,https://en.wikipedia.org/wiki/American_Electric_Power
2026,L3Harris Technologies,,210,Christopher E. Kubasik,Christopher Kubasik; Chris Kubasik,,,,,https://en.wikipedia.org/wiki/L3Harris,https://en.wikipedia.org/wiki/L3Harris
2026,Becton Dickinson,,211,Tom Polen,,,,,,https://en.wikipedia.org/wiki/BD_(company),https://en.wikipedia.org/wiki/BD_(company)
2026,Carrier Global,,212,Dave Gitlin,,,,,,https://en.wikipedia.org/wiki/Carrier_Global,https://en.wikipedia.org/wiki/Carrier_Global
2026,BJ's Wholesale Club,,213,Bob Eddy,,,,,,https://en.wikipedia.org/wiki/BJ%27s_Wholesale_Club,https://en.wikipedia.org/wiki/BJ%27s_Wholesale_Club
2026,Tenet Healthcare,,214,Saum Sutaria,,,,,,https://en.wikipedia.org/wiki/Tenet_Healthcare,https://en.wikipedia.org/wiki/Tenet_Healthcare
2026,Fiserv,,215,Takis Georgakopoulos,,,,,,https://en.wikipedia.org/wiki/Fiserv,https://en.wikipedia.org/wiki/Fiserv
2026,Cognizant Technology Solutions,,216,Ravi Kumar Singisetti,,,,,,https://en.wikipedia.org/wiki/Cognizant,https://en.wikipedia.org/wiki/Cognizant
2026,GE HealthCare Technologies,,217,Peter Arduini,,,,,,https://en.wikipedia.org/wiki/GE_HealthCare,https://en.wikipedia.org/wiki/GE_HealthCare
2026,Automatic Data Processing,,218,Maria Black,,,,,,https://en.wikipedia.org/wiki/ADP_(company),https://en.wikipedia.org/wiki/ADP_(company)
2026,Colgate-Palmolive,,219,Noel Wallace,Noel R. Wallace,,,,,https://en.wikipedia.org/wiki/Colgate-Palmolive,https://en.wikipedia.org/wiki/Colgate-Palmolive
2026,Carvana,,220,Ernest Garcia III,,,,,,https://en.wikipedia.org/wiki/Carvana,https://en.wikipedia.org/wiki/Carvana
2026,Altria Group,,221,Billy Gifford,,,,,,https://en.wikipedia.org/wiki/Altria,https://en.wikipedia.org/wiki/Altria
2026,Boston Scientific,,222,Michael F. Mahoney,Michael Mahoney,,,,,https://en.wikipedia.org/wiki/Boston_Scientific,https://en.wikipedia.org/wiki/Boston_Scientific
2026,Cheniere Energy,,223,Jack Fusco,Jack A. Fusco,,,,,https://en.wikipedia.org/wiki/Cheniere_Energy,https://en.wikipedia.org/wiki/Cheniere_Energy
2026,Parker-Hannifin,,224,Jennifer A. Parmentier,Jennifer Parmentier,,,,,https://en.wikipedia.org/wiki/Parker_Hannifin,https://en.wikipedia.org/wiki/Parker_Hannifin
2026,Kimberly-Clark,,225,Michael D. Hsu,,,,,,https://en.wikipedia.org/wiki/Kimberly-Clark,https://en.wikipedia.org/wiki/Kimberly-Clark
2026,American Family Insurance Group,,226,Bill Westrate,,,,,,https://en.wikipedia.org/wiki/American_Family_Insurance,https://en.wikipedia.org/wiki/American_Family_Insurance
2026,General Mills,,227,Jeffrey Harmening,Jeffrey L. Harmening,,,,,https://en.wikipedia.org/wiki/General_Mills,https://en.wikipedia.org/wiki/General_Mills
2026,Edison International,,228,Pedro J. Pizarro,Pedro Pizarro,,,,,https://en.wikipedia.org/wiki/Edison_International,https://en.wikipedia.org/wiki/Edison_International
2026,AutoZone,,229,Philip B. Daniele,,,,,,https://en.wikipedia.org/wiki/AutoZone,https://en.wikipedia.org/wiki/AutoZone
2026,Ameriprise Financial,,230,James M. Cracchiolo,James Cracchiolo,,,,,https://en.wikipedia.org/wiki/Ameriprise_Financial,https://en.wikipedia.org/wiki/Ameriprise_Financial
2026,Intuit,,231,Sasan Goodarzi,Sasan K. Goodarzi,,,,,https://en.wikipedia.org/wiki/Intuit,https://en.wikipedia.org/wiki/Intuit
2026,Guardian Life Ins. Co. of America,,232,Andrew McMahon,,,,,,https://en.wikipedia.org/wiki/The_Guardian_Life_Insurance_Company_of_America,https://en.wikipedia.org/wiki/The_Guardian_Life_Insurance_Company_of_America
2026,Cleveland-Cliffs,,233,C. Lourenco Goncalves,,,,,,https://en.wikipedia.org/wiki/Cleveland-Cliffs,https://en.wikipedia.org/wiki/Cleveland-Cliffs
2026,Global Partners,,234,Eric Slifka,,,,,,https://en.wikipedia.org/wiki/Global_Partners,https://en.wikipedia.org/wiki/Global_Partners
2026,Aramark,,235,John Zillmer,John J. Zillmer,,,,,https://en.wikipedia.org/wiki/Aramark,https://en.wikipedia.org/wiki/Aramark
2026,Corebridge Financial,,236,Marc Costantini,,,,,,https://en.wikipedia.org/wiki/Corebridge_Financial,https://en.wikipedia.org/wiki/Corebridge_Financial
2026,Loews,,237,Ben Tisch,,,,,,https://en.wikipedia.org/wiki/Loews_Corporation,https://en.wikipedia.org/wiki/Loews_Corporation
2026,Lam Research,,238,Tim Archer,,,,,,https://en.wikipedia.org/wiki/Lam_Research,https://en.wikipedia.org/wiki/Lam_Research
2026,Goodyear Tire & Rubber,,239,Mark Stewart,,,,,,https://en.wikipedia.org/wiki/Goodyear_Tire_and_Rubber_Company,https://en.wikipedia.org/wiki/Goodyear_Tire_and_Rubber_Company
2026,Pacific Life,,240,Darryl Button,,,,,,https://en.wikipedia.org/wiki/Pacific_Life,https://en.wikipedia.org/wiki/Pacific_Life
2026,Auto-Owners Insurance,,241,Jamie Whisnant,,,,,,https://en.wikipedia.org/wiki/Auto-Owners_Insurance,https://en.wikipedia.org/wiki/Auto-Owners_Insurance
2026,Peter Kiewit Sons',,242,Rick Lanoha,,,,,,https://en.wikipedia.org/wiki/Kiewit_Corporation,https://en.wikipedia.org/wiki/Kiewit_Corporation
2026,Lincoln National,,243,Ellen Cooper,Ellen G. Cooper,,,,,https://en.wikipedia.org/wiki/Lincoln_National_Corporation,https://en.wikipedia.org/wiki/Lincoln_National_Corporation
2026,Steel Dynamics,,244,Mark D. Millett,Mark Millett,,,,,https://en.wikipedia.org/wiki/Steel_Dynamics,https://en.wikipedia.org/wiki/Steel_Dynamics
2026,Emerson Electric,,245,Lal Karsanbhai,Lal L. Karsanbhai,,,,,https://en.wikipedia.org/wiki/Emerson_Electric,https://en.wikipedia.org/wiki/Emerson_Electric
2026,Asbury Automotive Group,,246,David W Hult,,,,,,https://en.wikipedia.org/wiki/Asbury_Automotive_Group,https://en.wikipedia.org/wiki/Asbury_Automotive_Group
2026,ManpowerGroup,,247,Jonas Prising,,,,,,https://en.wikipedia.org/wiki/ManpowerGroup,https://en.wikipedia.org/wiki/ManpowerGroup
2026,W.W. Grainger,,248,D.G. Macpherson,,,,,,https://en.wikipedia.org/wiki/W._W._Grainger,https://en.wikipedia.org/wiki/W._W._Grainger
2026,Jones Financial (Edward Jones),,249,Penny Pennington,,,,,,https://en.wikipedia.org/wiki/Edward_Jones_Investments,https://en.wikipedia.org/wiki/Edward_Jones_Investments
2026,O'Reilly Automotive,,250,Brad Beckham,,,,,,https://en.wikipedia.org/wiki/O%27Reilly_Auto_Parts,https://en.wikipedia.org/wiki/O%27Reilly_Auto_Parts
2026,Vistra,,251,James A. Burke,James Burke; Jim Burke,,,,,https://en.wikipedia.org/wiki/Vistra_Corp.,https://en.wikipedia.org/wiki/Vistra_Corp.
2026,Texas Instruments,,252,Haviv Ilan,,,,,,https://en.wikipedia.org/wiki/Texas_Instruments,https://en.wikipedia.org/wiki/Texas_Instruments
2026,MGM Resorts International,,253,Bill Hornbuckle,,,,,,https://en.wikipedia.org/wiki/MGM_Resorts_International,https://en.wikipedia.org/wiki/MGM_Resorts_International
2026,Corteva,,254,Chuck Magro,,,,,,https://en.wikipedia.org/wiki/Corteva,https://en.wikipedia.org/wiki/Corteva
2026,Universal Health Services,,255,Marc D. Miller,Marc Miller,,,,,https://en.wikipedia.org/wiki/Universal_Health_Services,https://en.wikipedia.org/wiki/Universal_Health_Services
2026,PulteGroup,,256,Ryan R. Marshall,Ryan Marshall,,,,,https://en.wikipedia.org/wiki/PulteGroup,https://en.wikipedia.org/wiki/PulteGroup
2026,Omnicom Group,,257,John D. Wren,John Wren,,,,,https://en.wikipedia.org/wiki/Omnicom_Group,https://en.wikipedia.org/wiki/Omnicom_Group
2026,Dick's Sporting Goods,,258,Lauren Hobart,Lauren R. Hobart,,,,,https://en.wikipedia.org/wiki/Dick%27s_Sporting_Goods,https://en.wikipedia.org/wiki/Dick%27s_Sporting_Goods
2026,Devon Energy,,259,Clay Gaspar,,,,,,https://en.wikipedia.org/wiki/Devon_Energy,https://en.wikipedia.org/wiki/Devon_Energy
2026,Leidos Holdings,,260,Thomas Bell,Thomas A. Bell,,,,,https://en.wikipedia.org/wiki/Leidos,https://en.wikipedia.org/wiki/Leidos
2026,Aflac,,261,Dan Amos,,,,,,https://en.wikipedia.org/wiki/Aflac,https://en.wikipedia.org/wiki/Aflac
2026,Targa Resources,,262,Matthew J. Meloy,Matthew Meloy; Matt Meloy,,,,,https://en.wikipedia.org/wiki/Targa_Resources,https://en.wikipedia.org/wiki/Targa_Resources
2026,Murphy USA,,263,Mindy West,,,,,,https://en.wikipedia.org/wiki/Murphy_USA,https://en.wikipedia.org/wiki/Murphy_USA
2026,LPL Financial Holdings,,264,Rich Steinmeier,,,,,,https://en.wikipedia.org/wiki/LPL_Financial,https://en.wikipedia.org/wiki/LPL_Financial
2026,EMCOR Group,,265,Anthony J. Guzzi,,,,,,https://en.wikipedia.org/wiki/Emcor,https://en.wikipedia.org/wiki/Emcor
2026,Kinder Morgan,,266,Kimberly A. Dang,,,,,,https://en.wikipedia.org/wiki/Kinder_Morgan,https://en.wikipedia.org/wiki/Kinder_Morgan
2026,Consolidated Edison,,267,Tim Cawley,,,,,,https://en.wikipedia.org/wiki/Consolidated_Edison,https://en.wikipedia.org/wiki/Consolidated_Edison
2026,Keurig Dr Pepper,,268,Timothy Cofer,,,,,,https://en.wikipedia.org/wiki/Keurig_Dr_Pepper,https://en.wikipedia.org/wiki/Keurig_Dr_Pepper
2026,Republic Services,,269,Jon Vander Ark,,,,,,https://en.wikipedia.org/wiki/Republic_Services,https://en.wikipedia.org/wiki/Republic_Services
2026,Markel Group,Markel,270,Thomas S. Gayner,Thomas Gayner,,,,,https://en.wikipedia.org/wiki/Markel_Group,https://en.wikipedia.org/wiki/Markel_Group
2026,Farmers Insurance Exchange,,271,Raul Vargas,,,,,,https://en.wikipedia.org/wiki/Farmers_Insurance_Group,https://en.wikipedia.org/wiki/Farmers_Insurance_Group
2026,Dominion Energy,,272,Robert Blue,Robert M. Blue,,,,,https://en.wikipedia.org/wiki/Dominion_Energy,https://en.wikipedia.org/wiki/Dominion_Energy
2026,Land O'Lakes,,273,Beth Ford,Beth E. Ford,,,,,https://en.wikipedia.org/wiki/Land_O%27Lakes,https://en.wikipedia.org/wiki/Land_O%27Lakes
2026,IQVIA Holdings,,274,Ari Bousbib,,,,,,https://en.wikipedia.org/wiki/IQVIA,https://en.wikipedia.org/wiki/IQVIA
2026,Fox,,275,Lachlan Murdoch,Lachlan K. Murdoch,,,,,https://en.wikipedia.org/wiki/Fox_Corporation,https://en.wikipedia.org/wiki/Fox_Corporation
2026,AECOM,,276,W. Troy Rudd,Troy Rudd,,,,,https://en.wikipedia.org/wiki/AECOM,https://en.wikipedia.org/wiki/AECOM
2026,C.H. Robinson Worldwide,,277,David Bozeman,Dave Bozeman,,,,,https://en.wikipedia.org/wiki/C._H._Robinson,https://en.wikipedia.org/wiki/C._H._Robinson
2026,Bitgo Holdings,,278,Mike Belshe,,,,,,https://en.wikipedia.org/wiki/BitGo,https://en.wikipedia.org/wiki/BitGo
2026,United Rentals,,279,Matthew Flannery,Matthew J. Flannery,,,,,https://en.wikipedia.org/wiki/United_Rentals,https://en.wikipedia.org/wiki/United_Rentals
2026,Ecolab,,280,Christophe Beck,,,,,,https://en.wikipedia.org/wiki/Ecolab,https://en.wikipedia.org/wiki/Ecolab
2026,Illinois Tool Works,,281,Christopher A. O'Herlihy,,,,,,https://en.wikipedia.org/wiki/Illinois_Tool_Works,https://en.wikipedia.org/wiki/Illinois_Tool_Works
2026,Casey's General Stores,,282,Darren Rebelez,,,,,,https://en.wikipedia.org/wiki/Casey%27s,https://en.wikipedia.org/wiki/Casey%27s
2026,Raymond James Financial,,283,Paul Reilly,Paul C. Reilly,,,,,https://en.wikipedia.org/wiki/Raymond_James_Financial,https://en.wikipedia.org/wiki/Raymond_James_Financial
2026,PPG Industries,,284,Tim Knavish,,,,,,https://en.wikipedia.org/wiki/PPG_Industries,https://en.wikipedia.org/wiki/PPG_Industries
2026,DTE Energy,,285,Joi Harris,,,,,,https://en.wikipedia.org/wiki/DTE_Energy,https://en.wikipedia.org/wiki/DTE_Energy
2026,Corning,,286,Wendell P. Weeks,Wendell Weeks,,,,,https://en.wikipedia.org/wiki/Corning_Inc.,https://en.wikipedia.org/wiki/Corning_Inc.
2026,Principal Financial,,287,Deanna Strable-Soethout,Deanna Strable,,,,,https://en.wikipedia.org/wiki/Principal_Financial_Group,https://en.wikipedia.org/wiki/Principal_Financial_Group
2026,Mutual of Omaha,Mutual of Omaha Insurance,288,James Blackledge,James T. Blackledge,,,,,https://en.wikipedia.org/wiki/Mutual_of_Omaha,https://en.wikipedia.org/wiki/Mutual_of_Omaha
2026,Kohl's,,289,Michael Bender,,,,,,https://en.wikipedia.org/wiki/Kohl%27s,https://en.wikipedia.org/wiki/Kohl%27s
2026,Tractor Supply,,290,Hal Lawton,,,,,,https://en.wikipedia.org/wiki/Tractor_Supply_Company,https://en.wikipedia.org/wiki/Tractor_Supply_Company
2026,Whirlpool,,291,Marc Bitzer,Marc R. Bitzer,,,,,https://en.wikipedia.org/wiki/Whirlpool_Corporation,https://en.wikipedia.org/wiki/Whirlpool_Corporation
2026,Fluor,,292,Jim Breuer,,,,,,https://en.wikipedia.org/wiki/Fluor_Corporation,https://en.wikipedia.org/wiki/Fluor_Corporation
2026,Gap,,293,Richard Dickson,,,,,,https://en.wikipedia.org/wiki/Gap_Inc.,https://en.wikipedia.org/wiki/Gap_Inc.
2026,S&P Global,,294,Martina Cheung,,,,,,https://en.wikipedia.org/wiki/S%26P_Global,https://en.wikipedia.org/wiki/S%26P_Global
2026,Ally Financial,,295,Michael G. Rhodes,,,,,,https://en.wikipedia.org/wiki/Ally_Financial,https://en.wikipedia.org/wiki/Ally_Financial
2026,Builders FirstSource,,296,Peter Jackson,,,,,,https://en.wikipedia.org/wiki/Builders_FirstSource,https://en.wikipedia.org/wiki/Builders_FirstSource
2026,Sonic Automotive,,297,David Smith,,,,,,https://en.wikipedia.org/wiki/Sonic_Automotive,https://en.wikipedia.org/wiki/Sonic_Automotive
2026,Stanley Black & Decker,,298,Donald Allan Jr.,Donald Allan; Don Allan,,,,,https://en.wikipedia.org/wiki/Stanley_Black_%26_Decker,https://en.wikipedia.org/wiki/Stanley_Black_%26_Decker
2026,Kenvue,,299,Kirk Perry,,,,,,https://en.wikipedia.org/wiki/Kenvue,https://en.wikipedia.org/wiki/Kenvue
2026,Kyndryl Holdings,,300,Martin Schroeter,Martin J. Schroeter,,,,,https://en.wikipedia.org/wiki/Kyndryl,https://en.wikipedia.org/wiki/Kyndryl
2026,Diamondback Energy,,301,Kaes Van't Hof,,,,,,https://en.wikipedia.org/wiki/Diamondback_Energy,https://en.wikipedia.org/wiki/Diamondback_Energy
2026,EchoStar,,302,Hamid Akhavan,,,,,,https://en.wikipedia.org/wiki/EchoStar,https://en.wikipedia.org/wiki/EchoStar
2026,Textron,,303,Lisa Atherton,,,,,,https://en.wikipedia.org/wiki/Textron,https://en.wikipedia.org/wiki/Textron
2026,Expedia Group,,304,Ariane Gorin,,,,,,https://en.wikipedia.org/wiki/Expedia_Group,https://en.wikipedia.org/wiki/Expedia_Group
2026,W.R. Berkley,,305,W. Robert Berkley Jr.,Robert Berkley,,,,,https://en.wikipedia.org/wiki/W._R._Berkley_Corporation,https://en.wikipedia.org/wiki/W._R._Berkley_Corporation
2026,Xcel Energy,,306,Robert C. Frenzel,Robert Frenzel; Bob Frenzel,,,,,https://en.wikipedia.org/wiki/Xcel_Energy,https://en.wikipedia.org/wiki/Xcel_Energy
2026,FirstEnergy,,307,Brian X. Tierney,Brian Tierney,,,,,https://en.wikipedia.org/wiki/FirstEnergy,https://en.wikipedia.org/wiki/FirstEnergy
2026,Erie Insurance Group,,308,Timothy G. NeCastro,,,,,,https://en.wikipedia.org/wiki/Erie_Insurance_Group,https://en.wikipedia.org/wiki/Erie_Insurance_Group
2026,First Citizens BancShares,,309,Frank B. Holding Jr.,,,,,,https://en.wikipedia.org/wiki/First_Citizens_BancShares,https://en.wikipedia.org/wiki/First_Citizens_BancShares
2026,Blackstone,,310,Stephen Schwarzman,Stephen A. Schwarzman,,,,,https://en.wikipedia.org/wiki/Blackstone_Inc.,https://en.wikipedia.org/wiki/Blackstone_Inc.
2026,Fidelity National Financial,,311,Mike Nolan,,,,,,https://en.wikipedia.org/wiki/Fidelity_National_Financial,https://en.wikipedia.org/wiki/Fidelity_National_Financial
2026,Otis Worldwide,,312,Judy Marks,,,,,,https://en.wikipedia.org/wiki/Otis_Worldwide,https://en.wikipedia.org/wiki/Otis_Worldwide
2026,Amentum Holdings,,313,John Heller,,,,,,https://en.wikipedia.org/wiki/Amentum_Holdings,https://en.wikipedia.org/wiki/Amentum_Holdings
2026,Regeneron Pharmaceuticals,,314,Leonard Schleifer,Leonard S. Schleifer,,,,,https://en.wikipedia.org/wiki/Regeneron_Pharmaceuticals,https://en.wikipedia.org/wiki/Regeneron_Pharmaceuticals
2026,Estée Lauder,,315,Stéphane de La Faverie,,,,,,https://en.wikipedia.org/wiki/Est%C3%A9e_Lauder_Companies,https://en.wikipedia.org/wiki/Est%C3%A9e_Lauder_Companies
2026,BorgWarner,,316,Joseph F. Fadool,Joe F. Fadool; Joe Fadool,,,,,https://en.wikipedia.org/wiki/BorgWarner,https://en.wikipedia.org/wiki/BorgWarner
2026,Northern Trust,,317,Michael G. O'Grady,Michael O'Grady,,,,,https://en.wikipedia.org/wiki/Northern_Trust,https://en.wikipedia.org/wiki/Northern_Trust
2026,Viatris,,318,Scott A. Smith,Scott Smith,,,,,https://en.wikipedia.org/wiki/Viatris,https://en.wikipedia.org/wiki/Viatris
2026,MasTec,,319,Jose Mas,Jose R. Mas,,,,,https://en.wikipedia.org/wiki/MasTec,https://en.wikipedia.org/wiki/MasTec
2026,Reliance,Reliance Steel & Aluminum,320,Karla R. Lewis,Karla Lewis,,,,,"https://en.wikipedia.org/wiki/Reliance,_Inc.","https://en.wikipedia.org/wiki/Reliance,_Inc."
2026,Western & Southern Financial Group,,321,John F. Barrett,John Barrett,,,,,https://en.wikipedia.org/wiki/Western_%26_Southern_Financial_Group,https://en.wikipedia.org/wiki/Western_%26_Southern_Financial_Group
2026,Alaska Air Group,,322,Ben Minicucci,,,,,,https://en.wikipedia.org/wiki/Alaska_Air_Group,https://en.wikipedia.org/wiki/Alaska_Air_Group
2026,BrightSpring Health Services,,323,Jon B. Rousseau,Jon Rousseau,,,,,,
2026,CSX,,324,Steve Angel,,,,,,https://en.wikipedia.org/wiki/CSX_Transportation,https://en.wikipedia.org/wiki/CSX_Transportation
2026,LKQ,,325,Justin Jude,,,,,,https://en.wikipedia.org/wiki/LKQ_Corporation,https://en.wikipedia.org/wiki/LKQ_Corporation
2026,Labcorp Holdings,Laboratory Corp. of America,326,Adam H. Schechter,Adam Schechter,,,,,https://en.wikipedia.org/wiki/Labcorp,https://en.wikipedia.org/wiki/Labcorp
2026,Arthur J. Gallagher,,327,J. Patrick Gallagher Jr.,,,,,,https://en.wikipedia.org/wiki/Arthur_J._Gallagher_%26_Co.,https://en.wikipedia.org/wiki/Arthur_J._Gallagher_%26_Co.
2026,Venture Global,,328,Michael A. Sabel,Michael Sabel,,,,,,
2026,DoorDash,,329,Tony Xu,,,,,,https://en.wikipedia.org/wiki/DoorDash,https://en.wikipedia.org/wiki/DoorDash
2026,Sempra,,330,Jeffrey W. Martin,,,,,,https://en.wikipedia.org/wiki/Sempra,https://en.wikipedia.org/wiki/Sempra
2026,DaVita,,331,Javier J. Rodriguez,Javier Rodriguez,,,,,https://en.wikipedia.org/wiki/DaVita,https://en.wikipedia.org/wiki/DaVita
2026,Eversource Energy,,332,Joseph R. Nolan,Joseph Nolan,,,,,https://en.wikipedia.org/wiki/Eversource_Energy,https://en.wikipedia.org/wiki/Eversource_Energy
2026,ServiceNow,,333,Bill McDermott,,,,,,https://en.wikipedia.org/wiki/ServiceNow,https://en.wikipedia.org/wiki/ServiceNow
2026,M&T Bank,,334,René F. Jones,René Jones,,,,,https://en.wikipedia.org/wiki/M%26T_Bank,https://en.wikipedia.org/wiki/M%26T_Bank
2026,Henry Schein,,335,Frederick M. Lowery,,,,,,https://en.wikipedia.org/wiki/Henry_Schein,https://en.wikipedia.org/wiki/Henry_Schein
2026,GXO Logistics,,336,Patrick Kelleher,,,,,,https://en.wikipedia.org/wiki/GXO_Logistics,https://en.wikipedia.org/wiki/GXO_Logistics
2026,Ball,,337,Ronald J. Lewis,,,,,,https://en.wikipedia.org/wiki/Ball_Corporation,https://en.wikipedia.org/wiki/Ball_Corporation
2026,Unum Group,,338,Rick McKenney,,,,,,https://en.wikipedia.org/wiki/Unum,https://en.wikipedia.org/wiki/Unum
2026,Las Vegas Sands,,339,Patrick Dumont,,,,,,https://en.wikipedia.org/wiki/Las_Vegas_Sands,https://en.wikipedia.org/wiki/Las_Vegas_Sands
2026,Entergy,,340,Andrew S. Marsh,Andrew Marsh,,,,,https://en.wikipedia.org/wiki/Entergy,https://en.wikipedia.org/wiki/Entergy
2026,Fifth Third Bancorp,,341,Timothy N. Spence,Tim Spence,,,,,https://en.wikipedia.org/wiki/Fifth_Third_Bank,https://en.wikipedia.org/wiki/Fifth_Third_Bank
2026,Graybar Electric,,342,Kathleen Mazzarella,Kathleen M. Mazzarella,,,,,https://en.wikipedia.org/wiki/Graybar,https://en.wikipedia.org/wiki/Graybar
2026,DXC Technology,,343,Raul Fernandez,,,,,,https://en.wikipedia.org/wiki/DXC_Technology,https://en.wikipedia.org/wiki/DXC_Technology
2026,Alcoa,,344,William F. Oplinger,,,,,,https://en.wikipedia.org/wiki/Alcoa,https://en.wikipedia.org/wiki/Alcoa
2026,Assurant,,345,Keith W. Demmings,Keith Demmings,,,,,https://en.wikipedia.org/wiki/Assurant,https://en.wikipedia.org/wiki/Assurant
2026,Ryder System,,346,John Diez,,,,,,https://en.wikipedia.org/wiki/Ryder,https://en.wikipedia.org/wiki/Ryder
2026,Intercontinental Exchange,,347,Jeffrey Sprecher,Jeffrey C. Sprecher,,,,,https://en.wikipedia.org/wiki/Intercontinental_Exchange,https://en.wikipedia.org/wiki/Intercontinental_Exchange
2026,Cincinnati Financial,,348,Stephen M. Spray,,,,,,https://en.wikipedia.org/wiki/Cincinnati_Financial,https://en.wikipedia.org/wiki/Cincinnati_Financial
2026,Chewy,,349,Sumit Singh,,,,,,https://en.wikipedia.org/wiki/Chewy_(company),https://en.wikipedia.org/wiki/Chewy_(company)
2026,Community Health Systems,,350,Tim Hingtgen,,,,,,https://en.wikipedia.org/wiki/Community_Health_Systems,https://en.wikipedia.org/wiki/Community_Health_Systems
2026,Huntington Bancshares,,350,Stephen D. Steinour,Stephen Steinour,,,,,https://en.wikipedia.org/wiki/Huntington_Bancshares,https://en.wikipedia.org/wiki/Huntington_Bancshares
2026,Huntington Ingalls Industries,,352,Christopher D. Kastner,Christopher Kastner,,,,,https://en.wikipedia.org/wiki/Huntington_Ingalls_Industries,https://en.wikipedia.org/wiki/Huntington_Ingalls_Industries
2026,Wayfair,,353,Niraj Shah,Niraj S. Shah,,,,,https://en.wikipedia.org/wiki/Wayfair,https://en.wikipedia.org/wiki/Wayfair
2026,Lumen Technologies,,354,Kate Johnson,,,,,,https://en.wikipedia.org/wiki/Lumen_Technologies,https://en.wikipedia.org/wiki/Lumen_Technologies
2026,Ulta Beauty,,355,Kecia Steelman,,,,,,https://en.wikipedia.org/wiki/Ulta_Beauty,https://en.wikipedia.org/wiki/Ulta_Beauty
2026,Crown Holdings,,356,Timothy J. Donahue,Timothy Donahue,,,,,https://en.wikipedia.org/wiki/Crown_Holdings,https://en.wikipedia.org/wiki/Crown_Holdings
2026,Airbnb,,357,Brian Chesky,,,,,,https://en.wikipedia.org/wiki/Airbnb,https://en.wikipedia.org/wiki/Airbnb
2026,AES,,358,Andres Gluski,Andres R. Gluski,,,,,https://en.wikipedia.org/wiki/AES_Corporation,https://en.wikipedia.org/wiki/AES_Corporation
2026,Norfolk Southern,,359,Mark R. George,Mark George,,,,,https://en.wikipedia.org/wiki/Norfolk_Southern_Railway,https://en.wikipedia.org/wiki/Norfolk_Southern_Railway
2026,Public Service Enterprise Group,,360,Ralph LaRossa,,,,,,https://en.wikipedia.org/wiki/Public_Service_Enterprise_Group,https://en.wikipedia.org/wiki/Public_Service_Enterprise_Group
2026,KLA,,361,Richard P. Wallace,,,,,,https://en.wikipedia.org/wiki/KLA_Corporation,https://en.wikipedia.org/wiki/KLA_Corporation
2026,Expand Energy,Chesapeake Energy,362,Michael Wichterich,,,,,,https://en.wikipedia.org/wiki/Expand_Energy,https://en.wikipedia.org/wiki/Expand_Energy
2026,Hormel Foods,,363,Jeff Ettinger,,,,,,https://en.wikipedia.org/wiki/Hormel_Foods,https://en.wikipedia.org/wiki/Hormel_Foods
2026,Darden Restaurants,,364,Rick Cardenas,,,,,,https://en.wikipedia.org/wiki/Darden_Restaurants,https://en.wikipedia.org/wiki/Darden_Restaurants
2026,Citizens Financial Group,,365,Bruce Van Saun,Bruce W. Van Saun,,,,,https://en.wikipedia.org/wiki/Citizens_Financial_Group,https://en.wikipedia.org/wiki/Citizens_Financial_Group
2026,Mosaic,,366,Bruce Bodine,,,,,,https://en.wikipedia.org/wiki/The_Mosaic_Company,https://en.wikipedia.org/wiki/The_Mosaic_Company
2026,Hilton Worldwide Holdings,,367,Christopher J. Nassetta,Christopher Nassetta,,,,,https://en.wikipedia.org/wiki/Hilton_Worldwide,https://en.wikipedia.org/wiki/Hilton_Worldwide
2026,Air Products & Chemicals,,368,Eduardo F. Menezes,,,,,,https://en.wikipedia.org/wiki/Air_Products,https://en.wikipedia.org/wiki/Air_Products
2026,Jacobs Solutions,,369,Bob Pragada,,,,,,https://en.wikipedia.org/wiki/Jacobs_Solutions,https://en.wikipedia.org/wiki/Jacobs_Solutions
2026,Vertex Pharmaceuticals,,370,Reshma Kewalramani,,,,,,https://en.wikipedia.org/wiki/Vertex_Pharmaceuticals,https://en.wikipedia.org/wiki/Vertex_Pharmaceuticals
2026,J.B. Hunt Transport Services,,371,Shelley Simpson,,,,,,https://en.wikipedia.org/wiki/J._B._Hunt,https://en.wikipedia.org/wiki/J._B._Hunt
2026,Booz Allen Hamilton Holding,,372,Horacio D. Rozanski,Horacio Rozanski,,,,,https://en.wikipedia.org/wiki/Booz_Allen_Hamilton,https://en.wikipedia.org/wiki/Booz_Allen_Hamilton
2026,Williams,,373,Chad Zamarin,,,,,,https://en.wikipedia.org/wiki/Williams_Companies,https://en.wikipedia.org/wiki/Williams_Companies
2026,Chipotle Mexican Grill,,374,Scott Boatwright,,,,,,https://en.wikipedia.org/wiki/Chipotle_Mexican_Grill,https://en.wikipedia.org/wiki/Chipotle_Mexican_Grill
2026,Yum China Holdings,,375,Joey Wat,,,,,,https://en.wikipedia.org/wiki/Yum_China,https://en.wikipedia.org/wiki/Yum_China
2026,Oscar Health,,376,Mark Bertolini,,,,,,https://en.wikipedia.org/wiki/Oscar_Health,https://en.wikipedia.org/wiki/Oscar_Health
2026,Hershey,,377,Kirk Tanner,,,,,,https://en.wikipedia.org/wiki/The_Hershey_Company,https://en.wikipedia.org/wiki/The_Hershey_Company
2026,Motorola Solutions,,378,Greg Brown,,,,,,https://en.wikipedia.org/wiki/Motorola_Solutions,https://en.wikipedia.org/wiki/Motorola_Solutions
2026,Equitable Holdings,,379,Mark Pearson,,,,,,https://en.wikipedia.org/wiki/Equitable_Holdings,https://en.wikipedia.org/wiki/Equitable_Holdings
2026,Avis Budget Group,,380,Brian Choi,,,,,,https://en.wikipedia.org/wiki/Avis_Budget_Group,https://en.wikipedia.org/wiki/Avis_Budget_Group
2026,Conagra Brands,,381,Sean Connolly,Sean M. Connolly,,,,,https://en.wikipedia.org/wiki/Conagra_Brands,https://en.wikipedia.org/wiki/Conagra_Brands
2026,Baxter International,,382,Andrew Hider,,,,,,https://en.wikipedia.org/wiki/Baxter_International,https://en.wikipedia.org/wiki/Baxter_International
2026,Burlington Stores,,383,Michael O'Sullivan,,,,,,https://en.wikipedia.org/wiki/Burlington_(department_store),https://en.wikipedia.org/wiki/Burlington_(department_store)
2026,Caesars Entertainment,,384,Thomas Reeg,Thomas R. Reeg,,,,,https://en.wikipedia.org/wiki/Caesars_Entertainment,https://en.wikipedia.org/wiki/Caesars_Entertainment
2026,Owens Corning,,385,Brian Chambers,Brian D. Chambers,,,,,https://en.wikipedia.org/wiki/Owens_Corning,https://en.wikipedia.org/wiki/Owens_Corning
2026,KeyCorp,,386,Chris Gorman,,,,,,https://en.wikipedia.org/wiki/KeyBank,https://en.wikipedia.org/wiki/KeyBank
2026,Thrivent Financial,Thrivent Financial for Lutherans,387,Teresa J. Rasmussen,Teresa Rasmussen,,,,,https://en.wikipedia.org/wiki/Thrivent,https://en.wikipedia.org/wiki/Thrivent
2026,Westlake,,388,JeanMarc Gilson,,,,,,https://en.wikipedia.org/wiki/Westlake_Corporation,https://en.wikipedia.org/wiki/Westlake_Corporation
2026,Westinghouse Air Brake,Westinghouse Air Brake Technologies,389,Rafael O. Santana,Rafael Santana,,,,,https://en.wikipedia.org/wiki/Westinghouse_Air_Brake_Company,https://en.wikipedia.org/wiki/Westinghouse_Air_Brake_Company
2026,Molson Coors Beverage,,390,Rahul Goyal,,,,,,https://en.wikipedia.org/wiki/Molson_Coors,https://en.wikipedia.org/wiki/Molson_Coors
2026,Lululemon athletica,,391,Calvin McDonald,,,,,,https://en.wikipedia.org/wiki/Lululemon,https://en.wikipedia.org/wiki/Lululemon
2026,FM,,392,Malcolm C. Roberts,Malcolm Roberts,,,,,https://en.wikipedia.org/wiki/FM_(insurance),https://en.wikipedia.org/wiki/FM_(insurance)
2026,Ebay,,393,Jamie Iannone,,,,,,https://en.wikipedia.org/wiki/EBay,https://en.wikipedia.org/wiki/EBay
2026,Expeditors Intl. of Washington,Expeditors International of Washington,394,Dan Wall,,,,,,https://en.wikipedia.org/wiki/Expeditors_International,https://en.wikipedia.org/wiki/Expeditors_International
2026,Quest Diagnostics,,395,Jim Davis,,,,,,https://en.wikipedia.org/wiki/Quest_Diagnostics,https://en.wikipedia.org/wiki/Quest_Diagnostics
2026,Analog Devices,,396,Vincent T. Roche,Vincent Roche,,,,,https://en.wikipedia.org/wiki/Analog_Devices,https://en.wikipedia.org/wiki/Analog_Devices
2026,Andersons,,397,Patrick E. Bowe,Patrick Bowe,,,,,https://en.wikipedia.org/wiki/The_Andersons,https://en.wikipedia.org/wiki/The_Andersons
2026,Gold.com,A-Mark Precious Metals,398,Gregory Roberts,Gregory N. Roberts,,,,,https://en.wikipedia.org/wiki/A-Mark_Precious_Metals,https://en.wikipedia.org/wiki/A-Mark_Precious_Metals
2026,Toll Brothers,,399,Karl Mistry,,,,,,https://en.wikipedia.org/wiki/Toll_Brothers,https://en.wikipedia.org/wiki/Toll_Brothers
2026,International Flavors & Fragrances,,400,Erik Fyrwald,,,,,,https://en.wikipedia.org/wiki/International_Flavors_%26_Fragrances,https://en.wikipedia.org/wiki/International_Flavors_%26_Fragrances
2026,Welltower,,401,Shankh Mitra,,,,,,https://en.wikipedia.org/wiki/Welltower,https://en.wikipedia.org/wiki/Welltower
2026,Jefferies Financial Group,,402,Richard B. Handler,,,,,,https://en.wikipedia.org/wiki/Jefferies_Financial_Group,https://en.wikipedia.org/wiki/Jefferies_Financial_Group
2026,Autoliv,,403,Jan Carlson,,,,,,https://en.wikipedia.org/wiki/Autoliv,https://en.wikipedia.org/wiki/Autoliv
2026,Mohawk Industries,,404,Jeffrey Lorberbaum,Jeffrey S. Lorberbaum,,,,,https://en.wikipedia.org/wiki/Mohawk_Industries,https://en.wikipedia.org/wiki/Mohawk_Industries
2026,Delek US Holdings,,405,Avigal Soreq,,,,,,https://en.wikipedia.org/wiki/Delek_US,https://en.wikipedia.org/wiki/Delek_US
2026,Fidelity National Information (FIS),Fidelity National Information Services,406,Stephanie Ferris,,,,,,https://en.wikipedia.org/wiki/FIS_(company),https://en.wikipedia.org/wiki/FIS_(company)
2026,Accendra Health,,407,Edward A. Pesicka,,,,,,https://en.wikipedia.org/wiki/Accendra_Health,https://en.wikipedia.org/wiki/Accendra_Health
2026,American Tower,,408,Steven Vondran,,,,,,https://en.wikipedia.org/wiki/American_Tower,https://en.wikipedia.org/wiki/American_Tower
2026,NVR,,409,Eugene J. Bredow,Eugene Bredow,,,,,"https://en.wikipedia.org/wiki/NVR,_Inc.","https://en.wikipedia.org/wiki/NVR,_Inc."
2026,Interactive Brokers Group,,410,Milan Galik,,,,,,https://en.wikipedia.org/wiki/Interactive_Brokers,https://en.wikipedia.org/wiki/Interactive_Brokers
2026,Oshkosh,,411,John Pfeifer,John C. Pfeifer,,,,,https://en.wikipedia.org/wiki/Oshkosh_Corporation,https://en.wikipedia.org/wiki/Oshkosh_Corporation
2026,Cintas,,412,Todd Schneider,Todd M. Schneider,,,,,https://en.wikipedia.org/wiki/Cintas,https://en.wikipedia.org/wiki/Cintas
2026,Campbell's,Campbell Soup,413,Mick Beekhuizen,,,,,,https://en.wikipedia.org/wiki/Campbell%27s,https://en.wikipedia.org/wiki/Campbell%27s
2026,Vertiv Holdings,,414,Giordano Albertazzi,,,,,,https://en.wikipedia.org/wiki/Vertiv,https://en.wikipedia.org/wiki/Vertiv
2026,Global Payments,,415,Cameron M. Bready,,,,,,https://en.wikipedia.org/wiki/Global_Payments,https://en.wikipedia.org/wiki/Global_Payments
2026,Constellation Brands,,416,Bill Newlands,,,,,,https://en.wikipedia.org/wiki/Constellation_Brands,https://en.wikipedia.org/wiki/Constellation_Brands
2026,AGCO,,417,Eric Hansotia,Eric P. Hansotia,,,,,https://en.wikipedia.org/wiki/AGCO,https://en.wikipedia.org/wiki/AGCO
2026,Intuitive Surgical,,418,Dave Rosa,,,,,,https://en.wikipedia.org/wiki/Intuitive_Surgical,https://en.wikipedia.org/wiki/Intuitive_Surgical
2026,Ace Hardware,,419,John Venhuizen,,,,,,https://en.wikipedia.org/wiki/Ace_Hardware,https://en.wikipedia.org/wiki/Ace_Hardware
2026,Dana,,420,R. Bruce McDonald,,,,,,https://en.wikipedia.org/wiki/Dana_Incorporated,https://en.wikipedia.org/wiki/Dana_Incorporated
2026,Biogen,,421,Chris Viehbacher,,,,,,https://en.wikipedia.org/wiki/Biogen,https://en.wikipedia.org/wiki/Biogen
2026,News Corp.,,422,Robert James Thomson,,,,,,https://en.wikipedia.org/wiki/News_Corp,https://en.wikipedia.org/wiki/News_Corp
2026,Concentrix,,423,Christopher Caldwell,,,,,,https://en.wikipedia.org/wiki/Concentrix,https://en.wikipedia.org/wiki/Concentrix
2026,WEC Energy Group,,424,Scott Lauber,Scott J. Lauber,,,,,https://en.wikipedia.org/wiki/WEC_Energy_Group,https://en.wikipedia.org/wiki/WEC_Energy_Group
2026,VF,,425,Bracken Darrell,,,,,,https://en.wikipedia.org/wiki/VF_Corporation,https://en.wikipedia.org/wiki/VF_Corporation
2026,Seaboard,,426,Robert L. Steer,Robert Steer,,,,,https://en.wikipedia.org/wiki/Seaboard_Corporation,https://en.wikipedia.org/wiki/Seaboard_Corporation
2026,Icahn Enterprises,,427,Andrew Teno,,,,,,https://en.wikipedia.org/wiki/Icahn_Enterprises,https://en.wikipedia.org/wiki/Icahn_Enterprises
2026,Regions Financial,,428,John M. Turner Jr.,,,,,,https://en.wikipedia.org/wiki/Regions_Financial_Corporation,https://en.wikipedia.org/wiki/Regions_Financial_Corporation
2026,Thor Industries,,429,Bob Martin,,,,,,https://en.wikipedia.org/wiki/Thor_Industries,https://en.wikipedia.org/wiki/Thor_Industries
2026,Workday,,430,Aneel Bhusri,,,,,,"https://en.wikipedia.org/wiki/Workday,_Inc.","https://en.wikipedia.org/wiki/Workday,_Inc."
2026,Celanese,,431,Scott Richardson,,,,,,https://en.wikipedia.org/wiki/Celanese,https://en.wikipedia.org/wiki/Celanese
2026,Western Digital,,432,Irving Tan,,,,,,https://en.wikipedia.org/wiki/Western_Digital,https://en.wikipedia.org/wiki/Western_Digital
2026,QVC Group,Qurate Retail,433,David Rawlinson II,,,,,,https://en.wikipedia.org/wiki/QVC_Group,https://en.wikipedia.org/wiki/QVC_Group
2026,Zoetis,,434,Kristin Peck,Kristin C. Peck,,,,,https://en.wikipedia.org/wiki/Zoetis,https://en.wikipedia.org/wiki/Zoetis
2026,CenterPoint Energy,,435,Jason P. Wells,,,,,,https://en.wikipedia.org/wiki/CenterPoint_Energy,https://en.wikipedia.org/wiki/CenterPoint_Energy
2026,Equinix,,436,Adaire FoxMartin,,,,,,https://en.wikipedia.org/wiki/Equinix,https://en.wikipedia.org/wiki/Equinix
2026,Palo Alto Networks,,437,Nikesh Arora,,,,,,https://en.wikipedia.org/wiki/Palo_Alto_Networks,https://en.wikipedia.org/wiki/Palo_Alto_Networks
2026,APA,,438,John J. Christmann IV,,,,,,https://en.wikipedia.org/wiki/APA_Corporation,https://en.wikipedia.org/wiki/APA_Corporation
2026,Old Republic International,,439,Craig R. Smiddy,Craig Smiddy,,,,,https://en.wikipedia.org/wiki/Old_Republic_International,https://en.wikipedia.org/wiki/Old_Republic_International
2026,Comfort Systems USA,,440,Franklin Myers,,,,,,https://en.wikipedia.org/wiki/Comfort_Systems_USA,https://en.wikipedia.org/wiki/Comfort_Systems_USA
2026,JetBlue Airways,,441,Joanna Geraghty,,,,,,https://en.wikipedia.org/wiki/JetBlue,https://en.wikipedia.org/wiki/JetBlue
2026,PPL,,442,Vincent Sorgi,,,,,,https://en.wikipedia.org/wiki/PPL_Corporation,https://en.wikipedia.org/wiki/PPL_Corporation
2026,Xylem,,443,Matthew Pine,,,,,,https://en.wikipedia.org/wiki/Xylem_Inc.,https://en.wikipedia.org/wiki/Xylem_Inc.
2026,Arista Networks,,444,Jayshree Ullal,,,,,,https://en.wikipedia.org/wiki/Arista_Networks,https://en.wikipedia.org/wiki/Arista_Networks
2026,Packaging Corp. of America,,445,Mark W. Kowlzan,Mark Kowlzan,,,,,https://en.wikipedia.org/wiki/Packaging_Corporation_of_America,https://en.wikipedia.org/wiki/Packaging_Corporation_of_America
2026,PVH,,446,Stefan Larsson,,,,,,https://en.wikipedia.org/wiki/PVH_Corp.,https://en.wikipedia.org/wiki/PVH_Corp.
2026,Ovintiv,,447,Brendan McCracken,,,,,,https://en.wikipedia.org/wiki/Ovintiv,https://en.wikipedia.org/wiki/Ovintiv
2026,Avery Dennison,,448,Deon Stander,,,,,,https://en.wikipedia.org/wiki/Avery_Dennison,https://en.wikipedia.org/wiki/Avery_Dennison
2026,TransDigm Group,,449,Mike Lisman,,,,,,https://en.wikipedia.org/wiki/TransDigm_Group,https://en.wikipedia.org/wiki/TransDigm_Group
2026,Sprouts Farmers Market,,450,Jack Sinclair,,,,,,https://en.wikipedia.org/wiki/Sprouts_Farmers_Market,https://en.wikipedia.org/wiki/Sprouts_Farmers_Market
2026,Prologis,,451,Hamid Moghadam,,,,,,https://en.wikipedia.org/wiki/Prologis,https://en.wikipedia.org/wiki/Prologis
2026,Franklin Resources,,452,Jennifer M. Johnson,,,,,,https://en.wikipedia.org/wiki/Franklin_Templeton,https://en.wikipedia.org/wiki/Franklin_Templeton
2026,Eastman Chemical,,453,Mark J. Costa,,,,,,https://en.wikipedia.org/wiki/Eastman_Chemical_Company,https://en.wikipedia.org/wiki/Eastman_Chemical_Company
2026,ABM Industries,,454,Scott Salmirs,Scott B. Salmirs,,,,,https://en.wikipedia.org/wiki/ABM_Industries,https://en.wikipedia.org/wiki/ABM_Industries
2026,NOV,,455,Jose Bayardo,,,,,,https://en.wikipedia.org/wiki/NOV_Inc.,https://en.wikipedia.org/wiki/NOV_Inc.
2026,J.M. Smucker,,456,Mark T. Smucker,Mark Smucker,,,,,https://en.wikipedia.org/wiki/The_J.M._Smucker_Company,https://en.wikipedia.org/wiki/The_J.M._Smucker_Company
2026,Securian Financial Group,,457,Christopher M. Hilger,,,,,,https://en.wikipedia.org/wiki/Securian_Financial_Group,https://en.wikipedia.org/wiki/Securian_Financial_Group
2026,EQT,,458,Toby Rice,Toby Z. Rice,,,,,https://en.wikipedia.org/wiki/EQT_Corporation,https://en.wikipedia.org/wiki/EQT_Corporation
2026,CACI International,,459,John Mengucci,,,,,,https://en.wikipedia.org/wiki/CACI,https://en.wikipedia.org/wiki/CACI
2026,Graphic Packaging Holding,,460,Robbert Rietbroek,,,,,,https://en.wikipedia.org/wiki/Graphic_Packaging,https://en.wikipedia.org/wiki/Graphic_Packaging
2026,Advance Auto Parts,,461,Shane O'Kelly,,,,,,https://en.wikipedia.org/wiki/Advance_Auto_Parts,https://en.wikipedia.org/wiki/Advance_Auto_Parts
2026,Optimum Communications,Altice USA,462,Dennis Mathew,,,,,,https://en.wikipedia.org/wiki/Optimum_Communications,https://en.wikipedia.org/wiki/Optimum_Communications
2026,Sirius XM Holdings,,463,Jennifer Witz,,,,,,https://en.wikipedia.org/wiki/SiriusXM,https://en.wikipedia.org/wiki/SiriusXM
2026,CMS Energy,,464,Garrick Rochow,Garrick J. Rochow,,,,,https://en.wikipedia.org/wiki/CMS_Energy,https://en.wikipedia.org/wiki/CMS_Energy
2026,Hertz Global Holdings,,465,Gil West,,,,,,https://en.wikipedia.org/wiki/Hertz_Global_Holdings,https://en.wikipedia.org/wiki/Hertz_Global_Holdings
2026,Ameren,,466,Martin J. Lyons Jr.,,,,,,https://en.wikipedia.org/wiki/Ameren,https://en.wikipedia.org/wiki/Ameren
2026,Rockwell Automation,,467,Blake Moret,Blake D. Moret,,,,,https://en.wikipedia.org/wiki/Rockwell_Automation,https://en.wikipedia.org/wiki/Rockwell_Automation
2026,Solventum,,468,Bryan Hanson,,,,,,https://en.wikipedia.org/wiki/Solventum,https://en.wikipedia.org/wiki/Solventum
2026,Monster Beverage,,469,Rodney Sacks,,Hilton Schlosberg,,,,https://en.wikipedia.org/wiki/Monster_Beverage,https://en.wikipedia.org/wiki/Monster_Beverage
2026,Nasdaq,,470,Adena Friedman,,,,,,"https://en.wikipedia.org/wiki/Nasdaq,_Inc.","https://en.wikipedia.org/wiki/Nasdaq,_Inc."
2026,Howmet Aerospace,,471,John C. Plant,,,,,,https://en.wikipedia.org/wiki/Howmet_Aerospace,https://en.wikipedia.org/wiki/Howmet_Aerospace
2026,Insight Enterprises,,472,Jack Azagury,,,,,,https://en.wikipedia.org/wiki/Insight_Enterprises,https://en.wikipedia.org/wiki/Insight_Enterprises
2026,Zimmer Biomet Holdings,,473,Ivan Tornos,,,,,,https://en.wikipedia.org/wiki/Zimmer_Biomet,https://en.wikipedia.org/wiki/Zimmer_Biomet
2026,Yum Brands,,474,Chris Turner,,,,,,https://en.wikipedia.org/wiki/Yum!_Brands,https://en.wikipedia.org/wiki/Yum!_Brands
2026,Fastenal,,475,Daniel L. Florness,,,,,,https://en.wikipedia.org/wiki/Fastenal,https://en.wikipedia.org/wiki/Fastenal
2026,Marvell Technology,,476,Matthew Murphy,,,,,,https://en.wikipedia.org/wiki/Marvell_Technology,https://en.wikipedia.org/wiki/Marvell_Technology
2026,Voya Financial,,477,Heather Lavallee,,,,,,https://en.wikipedia.org/wiki/Voya_Financial,https://en.wikipedia.org/wiki/Voya_Financial
2026,American Financial Group,,478,S. Craig Lindner,,Carl H. Lindner III,,,,https://en.wikipedia.org/wiki/American_Financial_Group,https://en.wikipedia.org/wiki/American_Financial_Group
2026,Post Holdings,,479,Rob Vitale,,,,,,https://en.wikipedia.org/wiki/Post_Holdings,https://en.wikipedia.org/wiki/Post_Holdings
2026,XPO,,480,Mario Harik,Mario A. Harik,,,,,"https://en.wikipedia.org/wiki/XPO,_Inc.","https://en.wikipedia.org/wiki/XPO,_Inc."
2026,DuPont,,481,Lori Koch,,,,,,https://en.wikipedia.org/wiki/DuPont,https://en.wikipedia.org/wiki/DuPont
2026,Sanmina,,482,Jure Sola,,,,,,https://en.wikipedia.org/wiki/Sanmina_Corporation,https://en.wikipedia.org/wiki/Sanmina_Corporation
2026,Taylor Morrison Home,,483,Sheryl D. Palmer,Sheryl Palmer,,,,,https://en.wikipedia.org/wiki/Taylor_Morrison,https://en.wikipedia.org/wiki/Taylor_Morrison
2026,Dover,,484,Richard J. Tobin,Richard Tobin,,,,,https://en.wikipedia.org/wiki/Dover_Corporation,https://en.wikipedia.org/wiki/Dover_Corporation
2026,Vulcan Materials,,485,J. Thomas Hill,,,,,,https://en.wikipedia.org/wiki/Vulcan_Materials_Company,https://en.wikipedia.org/wiki/Vulcan_Materials_Company
2026,APi Group,,486,Russell A. Becker,Russell Becker,,,,,,
2026,Roper Technologies,,487,Neil Hunn,,,,,,https://en.wikipedia.org/wiki/Roper_Technologies,https://en.wikipedia.org/wiki/Roper_Technologies
2026,KBR,,488,Stuart Bradie,,,,,,"https://en.wikipedia.org/wiki/KBR,_Inc.","https://en.wikipedia.org/wiki/KBR,_Inc."
2026,Sonoco Products,,489,Howard Coker,,,,,,https://en.wikipedia.org/wiki/Sonoco,https://en.wikipedia.org/wiki/Sonoco
2026,Williams-Sonoma,,490,Laura Alber,Laura J. Alber,,,,,"https://en.wikipedia.org/wiki/Williams-Sonoma,_Inc.","https://en.wikipedia.org/wiki/Williams-Sonoma,_Inc."
2026,Commercial Metals,,491,Peter R. Matt,,,,,,https://en.wikipedia.org/wiki/Commercial_Metals_Company,https://en.wikipedia.org/wiki/Commercial_Metals_Company
2026,Moody's,,492,Rob Fauber,,,,,,https://en.wikipedia.org/wiki/Moody%27s_Corporation,https://en.wikipedia.org/wiki/Moody%27s_Corporation
2026,Continental Resources,,493,Doug Lawler,,,,,,https://en.wikipedia.org/wiki/Continental_Resources,https://en.wikipedia.org/wiki/Continental_Resources
2026,Ingersoll Rand,,494,Vicente Reynal,,,,,,https://en.wikipedia.org/wiki/Ingersoll_Rand,https://en.wikipedia.org/wiki/Ingersoll_Rand
2026,Core & Main,,495,Steve LeClair,,,,,,https://en.wikipedia.org/wiki/Core_%26_Main,https://en.wikipedia.org/wiki/Core_%26_Main
2026,Coterra Energy,,496,Thomas E. Jorden,Thomas Jorden,,,,,https://en.wikipedia.org/wiki/Coterra,https://en.wikipedia.org/wiki/Coterra
2026,Primoris Services,,497,Koti Vadlamudi,,,,,,https://en.wikipedia.org/wiki/Primoris_Services_Corporation,https://en.wikipedia.org/wiki/Primoris_Services_Corporation
2026,Masco,,498,Keith J. Allman,Keith Allman,,,,,https://en.wikipedia.org/wiki/Masco,https://en.wikipedia.org/wiki/Masco
2026,Somnigroup International,,499,Scott L. Thompson,,,,,,https://en.wikipedia.org/wiki/Somnigroup_International,https://en.wikipedia.org/wiki/Somnigroup_International
2026,Resideo Technologies,,500,Jay Geldmacher,,,,,,https://en.wikipedia.org/wiki/Resideo,https://en.wikipedia.org/wiki/Resideo
